date,hits,keyword,geo,time,gprop,category
2004 Jan,5,electric car,US,2004-01-01 2026-08-31,web,0
2004 Feb,6,electric car,US,2004-01-01 2026-08-31,web,0
2004 Mar,7,electric car,US,2004-01-01 2026-08-31,web,0
2004 Apr,8,electric car,US,2004-01-01 2026-08-31,web,0
2004 May,9,electric car,US,2004-01-01 2026-08-31,web,0
2004 Jun,7,electric car,US,2004-01-01 2026-08-31,web,0
2004 Jul,7,electric car,US,2004-01-01 2026-08-31,web,0
2004 Aug,6,electric car,US,2004-01-01 2026-08-31,web,0
2004 Sep,7,electric car,US,2004-01-01 2026-08-31,web,0
2004 Oct,6,electric car,US,2004-01-01 2026-08-31,web,0
2004 Nov,7,electric car,US,2004-01-01 2026-08-31,web,0
2004 Dec,7,electric car,US,2004-01-01 2026-08-31,web,0
2005 Jan,6,electric car,US,2004-01-01 2026-08-31,web,0
2005 Feb,5,electric car,US,2004-01-01 2026-08-31,web,0
2005 Mar,6,electric car,US,2004-01-01 2026-08-31,web,0
2005 Apr,8,electric car,US,2004-01-01 2026-08-31,web,0
2005 May,7,electric car,US,2004-01-01 2026-08-31,web,0
2005 Jun,6,electric car,US,2004-01-01 2026-08-31,web,0
2005 Jul,5,electric car,US,2004-01-01 2026-08-31,web,0
2005 Aug,10,electric car,US,2004-01-01 2026-08-31,web,0
2005 Sep,11,electric car,US,2004-01-01 2026-08-31,web,0
2005 Oct,7,electric car,US,2004-01-01 2026-08-31,web,0
2005 Nov,6,electric car,US,2004-01-01 2026-08-31,web,0
2005 Dec,6,electric car,US,2004-01-01 2026-08-31,web,0
2006 Jan,5,electric car,US,2004-01-01 2026-08-31,web,0
2006 Feb,5,electric car,US,2004-01-01 2026-08-31,web,0
2006 Mar,5,electric car,US,2004-01-01 2026-08-31,web,0
2006 Apr,10,electric car,US,2004-01-01 2026-08-31,web,0
2006 May,11,electric car,US,2004-01-01 2026-08-31,web,0
2006 Jun,12,electric car,US,2004-01-01 2026-08-31,web,0
2006 Jul,22,electric car,US,2004-01-01 2026-08-31,web,0
2006 Aug,21,electric car,US,2004-01-01 2026-08-31,web,0
2006 Sep,13,electric car,US,2004-01-01 2026-08-31,web,0
2006 Oct,10,electric car,US,2004-01-01 2026-08-31,web,0
2006 Nov,10,electric car,US,2004-01-01 2026-08-31,web,0
2006 Dec,11,electric car,US,2004-01-01 2026-08-31,web,0
2007 Jan,12,electric car,US,2004-01-01 2026-08-31,web,0
2007 Feb,12,electric car,US,2004-01-01 2026-08-31,web,0
2007 Mar,12,electric car,US,2004-01-01 2026-08-31,web,0
2007 Apr,14,electric car,US,2004-01-01 2026-08-31,web,0
2007 May,17,electric car,US,2004-01-01 2026-08-31,web,0
2007 Jun,14,electric car,US,2004-01-01 2026-08-31,web,0
2007 Jul,12,electric car,US,2004-01-01 2026-08-31,web,0
2007 Aug,11,electric car,US,2004-01-01 2026-08-31,web,0
2007 Sep,12,electric car,US,2004-01-01 2026-08-31,web,0
2007 Oct,11,electric car,US,2004-01-01 2026-08-31,web,0
2007 Nov,15,electric car,US,2004-01-01 2026-08-31,web,0
2007 Dec,13,electric car,US,2004-01-01 2026-08-31,web,0
2008 Jan,12,electric car,US,2004-01-01 2026-08-31,web,0
2008 Feb,11,electric car,US,2004-01-01 2026-08-31,web,0
2008 Mar,15,electric car,US,2004-01-01 2026-08-31,web,0
2008 Apr,19,electric car,US,2004-01-01 2026-08-31,web,0
2008 May,32,electric car,US,2004-01-01 2026-08-31,web,0
2008 Jun,36,electric car,US,2004-01-01 2026-08-31,web,0
2008 Jul,32,electric car,US,2004-01-01 2026-08-31,web,0
2008 Aug,18,electric car,US,2004-01-01 2026-08-31,web,0
2008 Sep,15,electric car,US,2004-01-01 2026-08-31,web,0
2008 Oct,13,electric car,US,2004-01-01 2026-08-31,web,0
2008 Nov,14,electric car,US,2004-01-01 2026-08-31,web,0
2008 Dec,13,electric car,US,2004-01-01 2026-08-31,web,0
2009 Jan,11,electric car,US,2004-01-01 2026-08-31,web,0
2009 Feb,10,electric car,US,2004-01-01 2026-08-31,web,0
2009 Mar,11,electric car,US,2004-01-01 2026-08-31,web,0
2009 Apr,13,electric car,US,2004-01-01 2026-08-31,web,0
2009 May,11,electric car,US,2004-01-01 2026-08-31,web,0
2009 Jun,11,electric car,US,2004-01-01 2026-08-31,web,0
2009 Jul,9,electric car,US,2004-01-01 2026-08-31,web,0
2009 Aug,12,electric car,US,2004-01-01 2026-08-31,web,0
2009 Sep,10,electric car,US,2004-01-01 2026-08-31,web,0
2009 Oct,10,electric car,US,2004-01-01 2026-08-31,web,0
2009 Nov,11,electric car,US,2004-01-01 2026-08-31,web,0
2009 Dec,11,electric car,US,2004-01-01 2026-08-31,web,0
2010 Jan,9,electric car,US,2004-01-01 2026-08-31,web,0
2010 Feb,11,electric car,US,2004-01-01 2026-08-31,web,0
2010 Mar,9,electric car,US,2004-01-01 2026-08-31,web,0
2010 Apr,11,electric car,US,2004-01-01 2026-08-31,web,0
2010 May,10,electric car,US,2004-01-01 2026-08-31,web,0
2010 Jun,9,electric car,US,2004-01-01 2026-08-31,web,0
2010 Jul,9,electric car,US,2004-01-01 2026-08-31,web,0
2010 Aug,8,electric car,US,2004-01-01 2026-08-31,web,0
2010 Sep,8,electric car,US,2004-01-01 2026-08-31,web,0
2010 Oct,9,electric car,US,2004-01-01 2026-08-31,web,0
2010 Nov,10,electric car,US,2004-01-01 2026-08-31,web,0
2010 Dec,9,electric car,US,2004-01-01 2026-08-31,web,0
2011 Jan,12,electric car,US,2004-01-01 2026-08-31,web,0
2011 Feb,10,electric car,US,2004-01-01 2026-08-31,web,0
2011 Mar,12,electric car,US,2004-01-01 2026-08-31,web,0
2011 Apr,13,electric car,US,2004-01-01 2026-08-31,web,0
2011 May,11,electric car,US,2004-01-01 2026-08-31,web,0
2011 Jun,10,electric car,US,2004-01-01 2026-08-31,web,0
2011 Jul,8,electric car,US,2004-01-01 2026-08-31,web,0
2011 Aug,7,electric car,US,2004-01-01 2026-08-31,web,0
2011 Sep,9,electric car,US,2004-01-01 2026-08-31,web,0
2011 Oct,12,electric car,US,2004-01-01 2026-08-31,web,0
2011 Nov,11,electric car,US,2004-01-01 2026-08-31,web,0
2011 Dec,10,electric car,US,2004-01-01 2026-08-31,web,0
2012 Jan,10,electric car,US,2004-01-01 2026-08-31,web,0
2012 Feb,11,electric car,US,2004-01-01 2026-08-31,web,0
2012 Mar,13,electric car,US,2004-01-01 2026-08-31,web,0
2012 Apr,11,electric car,US,2004-01-01 2026-08-31,web,0
2012 May,10,electric car,US,2004-01-01 2026-08-31,web,0
2012 Jun,9,electric car,US,2004-01-01 2026-08-31,web,0
2012 Jul,9,electric car,US,2004-01-01 2026-08-31,web,0
2012 Aug,8,electric car,US,2004-01-01 2026-08-31,web,0
2012 Sep,9,electric car,US,2004-01-01 2026-08-31,web,0
2012 Oct,10,electric car,US,2004-01-01 2026-08-31,web,0
2012 Nov,10,electric car,US,2004-01-01 2026-08-31,web,0
2012 Dec,8,electric car,US,2004-01-01 2026-08-31,web,0
2013 Jan,8,electric car,US,2004-01-01 2026-08-31,web,0
2013 Feb,9,electric car,US,2004-01-01 2026-08-31,web,0
2013 Mar,9,electric car,US,2004-01-01 2026-08-31,web,0
2013 Apr,10,electric car,US,2004-01-01 2026-08-31,web,0
2013 May,11,electric car,US,2004-01-01 2026-08-31,web,0
2013 Jun,10,electric car,US,2004-01-01 2026-08-31,web,0
2013 Jul,10,electric car,US,2004-01-01 2026-08-31,web,0
2013 Aug,10,electric car,US,2004-01-01 2026-08-31,web,0
2013 Sep,10,electric car,US,2004-01-01 2026-08-31,web,0
2013 Oct,10,electric car,US,2004-01-01 2026-08-31,web,0
2013 Nov,10,electric car,US,2004-01-01 2026-08-31,web,0
2013 Dec,10,electric car,US,2004-01-01 2026-08-31,web,0
2014 Jan,9,electric car,US,2004-01-01 2026-08-31,web,0
2014 Feb,11,electric car,US,2004-01-01 2026-08-31,web,0
2014 Mar,10,electric car,US,2004-01-01 2026-08-31,web,0
2014 Apr,11,electric car,US,2004-01-01 2026-08-31,web,0
2014 May,11,electric car,US,2004-01-01 2026-08-31,web,0
2014 Jun,11,electric car,US,2004-01-01 2026-08-31,web,0
2014 Jul,11,electric car,US,2004-01-01 2026-08-31,web,0
2014 Aug,10,electric car,US,2004-01-01 2026-08-31,web,0
2014 Sep,11,electric car,US,2004-01-01 2026-08-31,web,0
2014 Oct,10,electric car,US,2004-01-01 2026-08-31,web,0
2014 Nov,10,electric car,US,2004-01-01 2026-08-31,web,0
2014 Dec,10,electric car,US,2004-01-01 2026-08-31,web,0
2015 Jan,9,electric car,US,2004-01-01 2026-08-31,web,0
2015 Feb,10,electric car,US,2004-01-01 2026-08-31,web,0
2015 Mar,10,electric car,US,2004-01-01 2026-08-31,web,0
2015 Apr,10,electric car,US,2004-01-01 2026-08-31,web,0
2015 May,10,electric car,US,2004-01-01 2026-08-31,web,0
2015 Jun,9,electric car,US,2004-01-01 2026-08-31,web,0
2015 Jul,10,electric car,US,2004-01-01 2026-08-31,web,0
2015 Aug,9,electric car,US,2004-01-01 2026-08-31,web,0
2015 Sep,11,electric car,US,2004-01-01 2026-08-31,web,0
2015 Oct,11,electric car,US,2004-01-01 2026-08-31,web,0
2015 Nov,10,electric car,US,2004-01-01 2026-08-31,web,0
2015 Dec,10,electric car,US,2004-01-01 2026-08-31,web,0
2016 Jan,9,electric car,US,2004-01-01 2026-08-31,web,0
2016 Feb,9,electric car,US,2004-01-01 2026-08-31,web,0
2016 Mar,10,electric car,US,2004-01-01 2026-08-31,web,0
2016 Apr,12,electric car,US,2004-01-01 2026-08-31,web,0
2016 May,10,electric car,US,2004-01-01 2026-08-31,web,0
2016 Jun,9,electric car,US,2004-01-01 2026-08-31,web,0
2016 Jul,9,electric car,US,2004-01-01 2026-08-31,web,0
2016 Aug,9,electric car,US,2004-01-01 2026-08-31,web,0
2016 Sep,9,electric car,US,2004-01-01 2026-08-31,web,0
2016 Oct,9,electric car,US,2004-01-01 2026-08-31,web,0
2016 Nov,11,electric car,US,2004-01-01 2026-08-31,web,0
2016 Dec,11,electric car,US,2004-01-01 2026-08-31,web,0
2017 Jan,10,electric car,US,2004-01-01 2026-08-31,web,0
2017 Feb,10,electric car,US,2004-01-01 2026-08-31,web,0
2017 Mar,10,electric car,US,2004-01-01 2026-08-31,web,0
2017 Apr,11,electric car,US,2004-01-01 2026-08-31,web,0
2017 May,11,electric car,US,2004-01-01 2026-08-31,web,0
2017 Jun,11,electric car,US,2004-01-01 2026-08-31,web,0
2017 Jul,13,electric car,US,2004-01-01 2026-08-31,web,0
2017 Aug,12,electric car,US,2004-01-01 2026-08-31,web,0
2017 Sep,12,electric car,US,2004-01-01 2026-08-31,web,0
2017 Oct,13,electric car,US,2004-01-01 2026-08-31,web,0
2017 Nov,14,electric car,US,2004-01-01 2026-08-31,web,0
2017 Dec,14,electric car,US,2004-01-01 2026-08-31,web,0
2018 Jan,12,electric car,US,2004-01-01 2026-08-31,web,0
2018 Feb,12,electric car,US,2004-01-01 2026-08-31,web,0
2018 Mar,12,electric car,US,2004-01-01 2026-08-31,web,0
2018 Apr,13,electric car,US,2004-01-01 2026-08-31,web,0
2018 May,13,electric car,US,2004-01-01 2026-08-31,web,0
2018 Jun,12,electric car,US,2004-01-01 2026-08-31,web,0
2018 Jul,12,electric car,US,2004-01-01 2026-08-31,web,0
2018 Aug,13,electric car,US,2004-01-01 2026-08-31,web,0
2018 Sep,15,electric car,US,2004-01-01 2026-08-31,web,0
2018 Oct,14,electric car,US,2004-01-01 2026-08-31,web,0
2018 Nov,14,electric car,US,2004-01-01 2026-08-31,web,0
2018 Dec,16,electric car,US,2004-01-01 2026-08-31,web,0
2019 Jan,13,electric car,US,2004-01-01 2026-08-31,web,0
2019 Feb,15,electric car,US,2004-01-01 2026-08-31,web,0
2019 Mar,15,electric car,US,2004-01-01 2026-08-31,web,0
2019 Apr,17,electric car,US,2004-01-01 2026-08-31,web,0
2019 May,18,electric car,US,2004-01-01 2026-08-31,web,0
2019 Jun,16,electric car,US,2004-01-01 2026-08-31,web,0
2019 Jul,16,electric car,US,2004-01-01 2026-08-31,web,0
2019 Aug,15,electric car,US,2004-01-01 2026-08-31,web,0
2019 Sep,16,electric car,US,2004-01-01 2026-08-31,web,0
2019 Oct,16,electric car,US,2004-01-01 2026-08-31,web,0
2019 Nov,18,electric car,US,2004-01-01 2026-08-31,web,0
2019 Dec,16,electric car,US,2004-01-01 2026-08-31,web,0
2020 Jan,16,electric car,US,2004-01-01 2026-08-31,web,0
2020 Feb,17,electric car,US,2004-01-01 2026-08-31,web,0
2020 Mar,11,electric car,US,2004-01-01 2026-08-31,web,0
2020 Apr,11,electric car,US,2004-01-01 2026-08-31,web,0
2020 May,12,electric car,US,2004-01-01 2026-08-31,web,0
2020 Jun,14,electric car,US,2004-01-01 2026-08-31,web,0
2020 Jul,16,electric car,US,2004-01-01 2026-08-31,web,0
2020 Aug,15,electric car,US,2004-01-01 2026-08-31,web,0
2020 Sep,17,electric car,US,2004-01-01 2026-08-31,web,0
2020 Oct,18,electric car,US,2004-01-01 2026-08-31,web,0
2020 Nov,18,electric car,US,2004-01-01 2026-08-31,web,0
2020 Dec,19,electric car,US,2004-01-01 2026-08-31,web,0
2021 Jan,22,electric car,US,2004-01-01 2026-08-31,web,0
2021 Feb,26,electric car,US,2004-01-01 2026-08-31,web,0
2021 Mar,23,electric car,US,2004-01-01 2026-08-31,web,0
2021 Apr,26,electric car,US,2004-01-01 2026-08-31,web,0
2021 May,30,electric car,US,2004-01-01 2026-08-31,web,0
2021 Jun,30,electric car,US,2004-01-01 2026-08-31,web,0
2021 Jul,26,electric car,US,2004-01-01 2026-08-31,web,0
2021 Aug,26,electric car,US,2004-01-01 2026-08-31,web,0
2021 Sep,24,electric car,US,2004-01-01 2026-08-31,web,0
2021 Oct,28,electric car,US,2004-01-01 2026-08-31,web,0
2021 Nov,34,electric car,US,2004-01-01 2026-08-31,web,0
2021 Dec,29,electric car,US,2004-01-01 2026-08-31,web,0
2022 Jan,29,electric car,US,2004-01-01 2026-08-31,web,0
2022 Feb,35,electric car,US,2004-01-01 2026-08-31,web,0
2022 Mar,59,electric car,US,2004-01-01 2026-08-31,web,0
2022 Apr,44,electric car,US,2004-01-01 2026-08-31,web,0
2022 May,39,electric car,US,2004-01-01 2026-08-31,web,0
2022 Jun,49,electric car,US,2004-01-01 2026-08-31,web,0
2022 Jul,41,electric car,US,2004-01-01 2026-08-31,web,0
2022 Aug,41,electric car,US,2004-01-01 2026-08-31,web,0
2022 Sep,36,electric car,US,2004-01-01 2026-08-31,web,0
2022 Oct,31,electric car,US,2004-01-01 2026-08-31,web,0
2022 Nov,28,electric car,US,2004-01-01 2026-08-31,web,0
2022 Dec,28,electric car,US,2004-01-01 2026-08-31,web,0
2023 Jan,30,electric car,US,2004-01-01 2026-08-31,web,0
2023 Feb,30,electric car,US,2004-01-01 2026-08-31,web,0
2023 Mar,26,electric car,US,2004-01-01 2026-08-31,web,0
2023 Apr,29,electric car,US,2004-01-01 2026-08-31,web,0
2023 May,28,electric car,US,2004-01-01 2026-08-31,web,0
2023 Jun,30,electric car,US,2004-01-01 2026-08-31,web,0
2023 Jul,28,electric car,US,2004-01-01 2026-08-31,web,0
2023 Aug,26,electric car,US,2004-01-01 2026-08-31,web,0
2023 Sep,28,electric car,US,2004-01-01 2026-08-31,web,0
2023 Oct,27,electric car,US,2004-01-01 2026-08-31,web,0
2023 Nov,26,electric car,US,2004-01-01 2026-08-31,web,0
2023 Dec,26,electric car,US,2004-01-01 2026-08-31,web,0
2024 Jan,23,electric car,US,2004-01-01 2026-08-31,web,0
2024 Feb,23,electric car,US,2004-01-01 2026-08-31,web,0
2024 Mar,23,electric car,US,2004-01-01 2026-08-31,web,0
2024 Apr,25,electric car,US,2004-01-01 2026-08-31,web,0
2024 May,25,electric car,US,2004-01-01 2026-08-31,web,0
2024 Jun,24,electric car,US,2004-01-01 2026-08-31,web,0
2024 Jul,23,electric car,US,2004-01-01 2026-08-31,web,0
2024 Aug,23,electric car,US,2004-01-01 2026-08-31,web,0
2024 Sep,23,electric car,US,2004-01-01 2026-08-31,web,0
2024 Oct,22,electric car,US,2004-01-01 2026-08-31,web,0
2024 Nov,23,electric car,US,2004-01-01 2026-08-31,web,0
2024 Dec,23,electric car,US,2004-01-01 2026-08-31,web,0
2025 Jan,23,electric car,US,2004-01-01 2026-08-31,web,0
2025 Feb,22,electric car,US,2004-01-01 2026-08-31,web,0
2025 Mar,27,electric car,US,2004-01-01 2026-08-31,web,0
2025 Apr,31,electric car,US,2004-01-01 2026-08-31,web,0
2025 May,24,electric car,US,2004-01-01 2026-08-31,web,0
2025 Jun,23,electric car,US,2004-01-01 2026-08-31,web,0
2025 Jul,30,electric car,US,2004-01-01 2026-08-31,web,0
2025 Aug,26,electric car,US,2004-01-01 2026-08-31,web,0
2025 Sep,25,electric car,US,2004-01-01 2026-08-31,web,0
2025 Oct,23,electric car,US,2004-01-01 2026-08-31,web,0
2025 Nov,25,electric car,US,2004-01-01 2026-08-31,web,0
2025 Dec,27,electric car,US,2004-01-01 2026-08-31,web,0
2026 Jan,25,electric car,US,2004-01-01 2026-08-31,web,0
2026 Feb,30,electric car,US,2004-01-01 2026-08-31,web,0
2026 Mar,49,electric car,US,2004-01-01 2026-08-31,web,0
2026 Apr,100,electric car,US,2004-01-01 2026-08-31,web,0
2026 May,82,electric car,US,2004-01-01 2026-08-31,web,0
2026 Jun,74,electric car,US,2004-01-01 2026-08-31,web,0
2026 Jul,44,electric car,US,2004-01-01 2026-08-31,web,0
2026 Aug,35,electric car,US,2004-01-01 2026-08-31,web,0
